id,participant_id,trial_number,site_id,condition,final_choice,reject_all,decision_time_ms,manage_clicked,settings_changed,analytics_enabled,advertising_enabled,click_count,choice_path,created_at
72,d4808724-c407-4dd4-9d51-f965e937bedf,1,science_lab,HARD,CUSTOM,false,9719,true,true,true,false,3,SETTINGS_SAVE,2026-09-26 09:18:40.724062+00
73,d749ee67-04d0-435c-9aba-ac003bf3eb32,1,tech_daily,EASY,CUSTOM,false,23919,true,true,true,false,3,SETTINGS_SAVE,2026-09-26 09:27:03.779951+00
74,d749ee67-04d0-435c-9aba-ac003bf3eb32,2,open_magazine,EASY,CUSTOM,false,4621,true,true,true,false,3,SETTINGS_SAVE,2026-09-26 09:27:18.501504+00
75,6a427b02-f385-4a43-8e35-fd2e78b84201,1,open_magazine,HARD,REJECT_ALL,true,9341,true,true,false,false,3,SETTINGS_REJECT,2026-09-26 09:27:30.074434+00
76,6da99fbf-fe76-4c23-8f68-86c9f429f250,1,morning_journal,HARD,ACCEPT_ALL,false,4557,false,false,true,true,1,DIRECT_ACCEPT,2026-09-26 09:28:05.687021+00
77,6da99fbf-fe76-4c23-8f68-86c9f429f250,2,tech_daily,HARD,REJECT_ALL,true,6167,true,true,false,false,4,SETTINGS_REJECT,2026-09-26 09:28:23.543964+00
78,6da99fbf-fe76-4c23-8f68-86c9f429f250,3,taste_table,HARD,ACCEPT_ALL,false,1200,false,false,true,true,1,DIRECT_ACCEPT,2026-09-26 09:28:40.992968+00
79,6da99fbf-fe76-4c23-8f68-86c9f429f250,4,insight_post,HARD,REJECT_ALL,true,2186,true,false,false,false,2,SETTINGS_REJECT,2026-09-26 09:28:50.431101+00
80,6da99fbf-fe76-4c23-8f68-86c9f429f250,5,open_magazine,HARD,REJECT_ALL,true,1332,true,false,false,false,2,SETTINGS_REJECT,2026-09-26 09:28:59.458213+00
81,6da99fbf-fe76-4c23-8f68-86c9f429f250,6,city_guide,HARD,REJECT_ALL,true,1845,true,false,false,false,2,SETTINGS_REJECT,2026-09-26 09:29:04.297862+00
82,6da99fbf-fe76-4c23-8f68-86c9f429f250,7,travel_note,HARD,REJECT_ALL,true,2598,true,true,false,false,4,SETTINGS_SAVE,2026-09-26 09:29:09.286867+00
83,6da99fbf-fe76-4c23-8f68-86c9f429f250,8,daily_view,HARD,ACCEPT_ALL,false,782,false,false,true,true,1,DIRECT_ACCEPT,2026-09-26 09:29:12.508275+00
84,6da99fbf-fe76-4c23-8f68-86c9f429f250,9,science_lab,HARD,ACCEPT_ALL,false,545,false,false,true,true,1,DIRECT_ACCEPT,2026-09-26 09:29:15.58136+00
85,6da99fbf-fe76-4c23-8f68-86c9f429f250,10,culture_page,HARD,ACCEPT_ALL,false,633,false,false,true,true,1,DIRECT_ACCEPT,2026-09-26 09:29:22.104921+00
86,6da99fbf-fe76-4c23-8f68-86c9f429f250,11,city_review,HARD,ACCEPT_ALL,false,700,false,false,true,true,1,DIRECT_ACCEPT,2026-09-26 09:29:24.07395+00
87,6da99fbf-fe76-4c23-8f68-86c9f429f250,12,sports_now,HARD,REJECT_ALL,true,1565,true,false,false,false,2,SETTINGS_REJECT,2026-09-26 09:29:28.612302+00
88,b5eea591-79ce-4275-98d0-729969d3fe39,1,tech_daily,HARD,REJECT_ALL,true,10572,true,true,false,false,4,SETTINGS_SAVE,2026-09-26 09:34:00.960659+00
89,96cd7960-785d-47ea-8722-ba9e19df6770,1,open_magazine,EASY,REJECT_ALL,true,4207,false,false,false,false,1,DIRECT_REJECT,2026-09-26 09:37:15.929638+00
90,08b7a7d6-5415-47b7-876e-833031a2d509,1,insight_post,EASY,ACCEPT_ALL,false,1707,false,false,true,true,1,DIRECT_ACCEPT,2026-09-26 09:56:28.761133+00
91,e59e15c1-a2af-4841-9f43-de3d45915003,1,tech_daily,EASY,ACCEPT_ALL,false,3583,false,false,true,true,1,DIRECT_ACCEPT,2026-09-26 11:27:47.258978+00
92,e59e15c1-a2af-4841-9f43-de3d45915003,2,city_review,EASY,ACCEPT_ALL,false,1662,false,false,true,true,1,DIRECT_ACCEPT,2026-09-26 11:28:01.11957+00
93,e59e15c1-a2af-4841-9f43-de3d45915003,3,city_guide,EASY,ACCEPT_ALL,false,1116,false,false,true,true,1,DIRECT_ACCEPT,2026-09-26 11:28:07.900674+00
94,e59e15c1-a2af-4841-9f43-de3d45915003,4,daily_view,EASY,ACCEPT_ALL,false,649,false,false,true,true,1,DIRECT_ACCEPT,2026-09-26 11:28:11.11907+00
95,e59e15c1-a2af-4841-9f43-de3d45915003,5,open_magazine,EASY,ACCEPT_ALL,false,615,false,false,true,true,1,DIRECT_ACCEPT,2026-09-26 11:28:14.464555+00
96,e59e15c1-a2af-4841-9f43-de3d45915003,6,culture_page,EASY,ACCEPT_ALL,false,664,false,false,true,true,1,DIRECT_ACCEPT,2026-09-26 11:28:17.566635+00
97,e59e15c1-a2af-4841-9f43-de3d45915003,7,sports_now,EASY,ACCEPT_ALL,false,661,false,false,true,true,1,DIRECT_ACCEPT,2026-09-26 11:28:20.795345+00
98,e59e15c1-a2af-4841-9f43-de3d45915003,8,science_lab,EASY,ACCEPT_ALL,false,712,false,false,true,true,1,DIRECT_ACCEPT,2026-09-26 11:28:24.557277+00
99,e59e15c1-a2af-4841-9f43-de3d45915003,9,morning_journal,EASY,ACCEPT_ALL,false,600,false,false,true,true,1,DIRECT_ACCEPT,2026-09-26 11:28:28.475822+00
100,e59e15c1-a2af-4841-9f43-de3d45915003,10,insight_post,EASY,ACCEPT_ALL,false,517,false,false,true,true,1,DIRECT_ACCEPT,2026-09-26 11:28:31.478153+00
101,e59e15c1-a2af-4841-9f43-de3d45915003,11,travel_note,EASY,ACCEPT_ALL,false,682,false,false,true,true,1,DIRECT_ACCEPT,2026-09-26 11:28:35.78716+00
102,e59e15c1-a2af-4841-9f43-de3d45915003,12,taste_table,EASY,ACCEPT_ALL,false,583,false,false,true,true,1,DIRECT_ACCEPT,2026-09-26 11:28:39.840984+00
103,f0b08e36-704b-4d56-b29a-410eecac0827,1,science_lab,EASY,ACCEPT_ALL,false,7658,false,false,true,true,1,DIRECT_ACCEPT,2026-09-26 11:52:15.026671+00
104,f0b08e36-704b-4d56-b29a-410eecac0827,2,insight_post,EASY,ACCEPT_ALL,false,4222,false,false,true,true,1,DIRECT_ACCEPT,2026-09-26 11:52:25.724202+00
105,f0b08e36-704b-4d56-b29a-410eecac0827,3,city_review,EASY,ACCEPT_ALL,false,832,false,false,true,true,1,DIRECT_ACCEPT,2026-09-26 11:52:29.261921+00
106,f0b08e36-704b-4d56-b29a-410eecac0827,4,open_magazine,EASY,ACCEPT_ALL,false,846,false,false,true,true,1,DIRECT_ACCEPT,2026-09-26 11:52:31.772314+00
107,f0b08e36-704b-4d56-b29a-410eecac0827,5,sports_now,EASY,ACCEPT_ALL,false,1045,false,false,true,true,1,DIRECT_ACCEPT,2026-09-26 11:52:36.50383+00
108,f0b08e36-704b-4d56-b29a-410eecac0827,6,travel_note,EASY,ACCEPT_ALL,false,774,false,false,true,true,1,DIRECT_ACCEPT,2026-09-26 11:52:38.995081+00
109,f0b08e36-704b-4d56-b29a-410eecac0827,7,tech_daily,EASY,ACCEPT_ALL,false,665,false,false,true,true,1,DIRECT_ACCEPT,2026-09-26 11:52:42.12785+00
110,f0b08e36-704b-4d56-b29a-410eecac0827,8,daily_view,EASY,ACCEPT_ALL,false,750,false,false,true,true,1,DIRECT_ACCEPT,2026-09-26 11:52:44.152545+00
111,f0b08e36-704b-4d56-b29a-410eecac0827,9,culture_page,EASY,ACCEPT_ALL,false,1483,false,false,true,true,1,DIRECT_ACCEPT,2026-09-26 11:52:47.291278+00
112,f0b08e36-704b-4d56-b29a-410eecac0827,10,city_guide,EASY,ACCEPT_ALL,false,758,false,false,true,true,1,DIRECT_ACCEPT,2026-09-26 11:52:49.545815+00
113,f0b08e36-704b-4d56-b29a-410eecac0827,11,morning_journal,EASY,ACCEPT_ALL,false,599,false,false,true,true,1,DIRECT_ACCEPT,2026-09-26 11:52:51.577823+00
114,f0b08e36-704b-4d56-b29a-410eecac0827,12,taste_table,EASY,ACCEPT_ALL,false,942,false,false,true,true,1,DIRECT_ACCEPT,2026-09-26 11:52:53.702249+00
115,d79ff308-757c-4f89-a6c7-8622497126e8,1,open_magazine,HARD,CUSTOM,false,7386,true,true,true,false,3,SETTINGS_SAVE,2026-09-26 13:58:03.426113+00
116,d79ff308-757c-4f89-a6c7-8622497126e8,2,morning_journal,HARD,CUSTOM,false,5639,true,true,true,false,3,SETTINGS_SAVE,2026-09-26 13:58:14.148287+00
117,d79ff308-757c-4f89-a6c7-8622497126e8,3,science_lab,HARD,CUSTOM,false,4216,true,true,true,false,3,SETTINGS_SAVE,2026-09-26 13:58:20.381656+00
118,d79ff308-757c-4f89-a6c7-8622497126e8,4,insight_post,HARD,CUSTOM,false,3854,true,true,true,false,3,SETTINGS_SAVE,2026-09-26 13:58:26.190587+00
119,d79ff308-757c-4f89-a6c7-8622497126e8,5,city_guide,HARD,CUSTOM,false,2893,true,true,true,false,3,SETTINGS_SAVE,2026-09-26 13:58:30.802898+00
120,d79ff308-757c-4f89-a6c7-8622497126e8,6,culture_page,HARD,CUSTOM,false,6193,true,true,true,false,5,SETTINGS_SAVE,2026-09-26 13:58:39.424556+00
121,d79ff308-757c-4f89-a6c7-8622497126e8,7,daily_view,HARD,CUSTOM,false,3991,true,true,true,false,3,SETTINGS_SAVE,2026-09-26 13:58:46.117954+00
122,d79ff308-757c-4f89-a6c7-8622497126e8,8,travel_note,HARD,CUSTOM,false,3991,true,true,true,false,3,SETTINGS_SAVE,2026-09-26 13:58:51.756874+00
123,d79ff308-757c-4f89-a6c7-8622497126e8,9,city_review,HARD,CUSTOM,false,3193,true,true,true,false,3,SETTINGS_SAVE,2026-09-26 13:58:56.745097+00
124,d79ff308-757c-4f89-a6c7-8622497126e8,10,taste_table,HARD,CUSTOM,false,3075,true,true,true,false,3,SETTINGS_SAVE,2026-09-26 13:59:01.274082+00
125,d79ff308-757c-4f89-a6c7-8622497126e8,11,tech_daily,HARD,CUSTOM,false,2940,true,true,true,false,3,SETTINGS_SAVE,2026-09-26 13:59:05.54125+00
126,d79ff308-757c-4f89-a6c7-8622497126e8,12,sports_now,HARD,CUSTOM,false,3013,true,true,true,false,3,SETTINGS_SAVE,2026-09-26 13:59:09.89613+00
127,e53e4d33-a7a4-407e-a202-fcb8f130b8ca,1,morning_journal,EASY,REJECT_ALL,true,11353,false,false,false,false,1,DIRECT_REJECT,2026-09-26 14:15:39.577148+00
128,e53e4d33-a7a4-407e-a202-fcb8f130b8ca,2,culture_page,EASY,REJECT_ALL,true,1181,false,false,false,false,1,DIRECT_REJECT,2026-09-26 14:15:49.600928+00
129,e53e4d33-a7a4-407e-a202-fcb8f130b8ca,3,travel_note,EASY,REJECT_ALL,true,1081,false,false,false,false,1,DIRECT_REJECT,2026-09-26 14:15:53.780084+00
130,e53e4d33-a7a4-407e-a202-fcb8f130b8ca,4,open_magazine,EASY,REJECT_ALL,true,849,false,false,false,false,1,DIRECT_REJECT,2026-09-26 14:15:59.657689+00
131,e53e4d33-a7a4-407e-a202-fcb8f130b8ca,5,insight_post,EASY,REJECT_ALL,true,568,false,false,false,false,1,DIRECT_REJECT,2026-09-26 14:16:07.120702+00
132,e53e4d33-a7a4-407e-a202-fcb8f130b8ca,6,city_guide,EASY,REJECT_ALL,true,699,false,false,false,false,1,DIRECT_REJECT,2026-09-26 14:16:13.312703+00
133,e53e4d33-a7a4-407e-a202-fcb8f130b8ca,7,city_review,EASY,REJECT_ALL,true,649,false,false,false,false,1,DIRECT_REJECT,2026-09-26 14:16:18.50594+00
134,e53e4d33-a7a4-407e-a202-fcb8f130b8ca,8,science_lab,EASY,REJECT_ALL,true,682,false,false,false,false,1,DIRECT_REJECT,2026-09-26 14:16:23.194708+00
135,e53e4d33-a7a4-407e-a202-fcb8f130b8ca,9,sports_now,EASY,REJECT_ALL,true,795,false,false,false,false,1,DIRECT_REJECT,2026-09-26 14:16:28.020947+00
136,e53e4d33-a7a4-407e-a202-fcb8f130b8ca,10,taste_table,EASY,REJECT_ALL,true,879,false,false,false,false,1,DIRECT_REJECT,2026-09-26 14:16:32.673877+00
137,e53e4d33-a7a4-407e-a202-fcb8f130b8ca,11,daily_view,EASY,REJECT_ALL,true,632,false,false,false,false,1,DIRECT_REJECT,2026-09-26 14:16:36.337138+00
138,e53e4d33-a7a4-407e-a202-fcb8f130b8ca,12,tech_daily,EASY,REJECT_ALL,true,713,false,false,false,false,1,DIRECT_REJECT,2026-09-26 14:16:39.614416+00
139,e749300b-2283-4283-8ae0-79680ab74f94,1,city_guide,HARD,ACCEPT_ALL,false,5458,false,false,true,true,1,DIRECT_ACCEPT,2026-09-27 02:52:59.139824+00
140,523a317b-e897-45df-a76c-1f13f680c147,1,open_magazine,EASY,REJECT_ALL,true,5328,false,false,false,false,1,DIRECT_REJECT,2026-09-27 03:03:07.93813+00
141,523a317b-e897-45df-a76c-1f13f680c147,2,city_review,EASY,REJECT_ALL,true,1215,false,false,false,false,1,DIRECT_REJECT,2026-09-27 03:03:11.54592+00
142,523a317b-e897-45df-a76c-1f13f680c147,3,daily_view,EASY,REJECT_ALL,true,871,false,false,false,false,1,DIRECT_REJECT,2026-09-27 03:03:14.606108+00
143,523a317b-e897-45df-a76c-1f13f680c147,4,tech_daily,EASY,REJECT_ALL,true,1090,false,false,false,false,1,DIRECT_REJECT,2026-09-27 03:03:17.36691+00
144,523a317b-e897-45df-a76c-1f13f680c147,5,city_guide,EASY,REJECT_ALL,true,694,false,false,false,false,1,DIRECT_REJECT,2026-09-27 03:03:20.393859+00
145,523a317b-e897-45df-a76c-1f13f680c147,6,travel_note,EASY,REJECT_ALL,true,1000,false,false,false,false,1,DIRECT_REJECT,2026-09-27 03:03:23.835486+00
146,523a317b-e897-45df-a76c-1f13f680c147,7,culture_page,EASY,REJECT_ALL,true,1068,false,false,false,false,1,DIRECT_REJECT,2026-09-27 03:03:27.186111+00
147,523a317b-e897-45df-a76c-1f13f680c147,8,insight_post,EASY,REJECT_ALL,true,944,false,false,false,false,1,DIRECT_REJECT,2026-09-27 03:03:30.368134+00
148,523a317b-e897-45df-a76c-1f13f680c147,9,sports_now,EASY,REJECT_ALL,true,812,false,false,false,false,1,DIRECT_REJECT,2026-09-27 03:03:33.168844+00
149,523a317b-e897-45df-a76c-1f13f680c147,10,morning_journal,EASY,REJECT_ALL,true,1064,false,false,false,false,1,DIRECT_REJECT,2026-09-27 03:03:35.864302+00
150,523a317b-e897-45df-a76c-1f13f680c147,11,taste_table,EASY,REJECT_ALL,true,1099,false,false,false,false,1,DIRECT_REJECT,2026-09-27 03:03:38.726329+00
151,523a317b-e897-45df-a76c-1f13f680c147,12,science_lab,EASY,REJECT_ALL,true,1073,false,false,false,false,1,DIRECT_REJECT,2026-09-27 03:03:56.120841+00
164,1ed606af-a9f0-47d7-9c3a-fdedaac6fc41,1,travel_note,EASY,REJECT_ALL,true,2587,false,false,false,false,1,DIRECT_REJECT,2026-09-27 07:55:43.865501+00
165,1ed606af-a9f0-47d7-9c3a-fdedaac6fc41,2,daily_view,EASY,REJECT_ALL,true,7525,false,false,false,false,1,DIRECT_REJECT,2026-09-27 07:56:03.21478+00
166,1ed606af-a9f0-47d7-9c3a-fdedaac6fc41,3,science_lab,EASY,REJECT_ALL,true,730,false,false,false,false,1,DIRECT_REJECT,2026-09-27 07:56:07.667516+00
167,1ed606af-a9f0-47d7-9c3a-fdedaac6fc41,4,city_guide,EASY,REJECT_ALL,true,3234,false,false,false,false,1,DIRECT_REJECT,2026-09-27 07:56:15.678821+00
168,1ed606af-a9f0-47d7-9c3a-fdedaac6fc41,5,insight_post,EASY,REJECT_ALL,true,617,false,false,false,false,1,DIRECT_REJECT,2026-09-27 07:56:18.5006+00
169,1ed606af-a9f0-47d7-9c3a-fdedaac6fc41,6,tech_daily,EASY,REJECT_ALL,true,613,false,false,false,false,1,DIRECT_REJECT,2026-09-27 07:56:21.205082+00
170,1ed606af-a9f0-47d7-9c3a-fdedaac6fc41,7,city_review,EASY,REJECT_ALL,true,2493,false,false,false,false,1,DIRECT_REJECT,2026-09-27 07:56:27.35599+00
171,1ed606af-a9f0-47d7-9c3a-fdedaac6fc41,8,taste_table,EASY,REJECT_ALL,true,483,false,false,false,false,1,DIRECT_REJECT,2026-09-27 07:56:29.16315+00
172,1ed606af-a9f0-47d7-9c3a-fdedaac6fc41,9,open_magazine,EASY,REJECT_ALL,true,419,false,false,false,false,1,DIRECT_REJECT,2026-09-27 07:56:30.837595+00
173,1ed606af-a9f0-47d7-9c3a-fdedaac6fc41,10,morning_journal,EASY,REJECT_ALL,true,521,false,false,false,false,1,DIRECT_REJECT,2026-09-27 07:56:32.604438+00
174,1ed606af-a9f0-47d7-9c3a-fdedaac6fc41,11,sports_now,EASY,REJECT_ALL,true,472,false,false,false,false,1,DIRECT_REJECT,2026-09-27 07:56:34.184376+00
175,1ed606af-a9f0-47d7-9c3a-fdedaac6fc41,12,culture_page,EASY,REJECT_ALL,true,1208,false,false,false,false,1,DIRECT_REJECT,2026-09-27 07:56:36.540764+00
176,ed0fe3b5-4de6-4a10-94ea-5d658ce35c81,1,science_lab,HARD,ACCEPT_ALL,false,3750,false,false,true,true,1,DIRECT_ACCEPT,2026-09-27 08:55:35.4827+00
177,ed0fe3b5-4de6-4a10-94ea-5d658ce35c81,2,sports_now,HARD,ACCEPT_ALL,false,1133,false,false,true,true,1,DIRECT_ACCEPT,2026-09-27 08:56:03.274455+00
178,ed0fe3b5-4de6-4a10-94ea-5d658ce35c81,3,insight_post,HARD,ACCEPT_ALL,false,808,false,false,true,true,1,DIRECT_ACCEPT,2026-09-27 08:56:23.230014+00
179,ed0fe3b5-4de6-4a10-94ea-5d658ce35c81,4,taste_table,HARD,ACCEPT_ALL,false,534,false,false,true,true,1,DIRECT_ACCEPT,2026-09-27 08:56:40.291695+00
180,dc2ffc80-93fb-4843-b406-a4cc3f5c89e6,1,insight_post,EASY,ACCEPT_ALL,false,1441,false,false,true,true,1,DIRECT_ACCEPT,2026-09-27 08:57:09.947173+00
181,dc2ffc80-93fb-4843-b406-a4cc3f5c89e6,2,city_review,EASY,ACCEPT_ALL,false,871,false,false,true,true,1,DIRECT_ACCEPT,2026-09-27 08:57:20.439602+00
182,dc2ffc80-93fb-4843-b406-a4cc3f5c89e6,3,culture_page,EASY,ACCEPT_ALL,false,874,false,false,true,true,1,DIRECT_ACCEPT,2026-09-27 08:57:22.932743+00
183,dc2ffc80-93fb-4843-b406-a4cc3f5c89e6,4,morning_journal,EASY,ACCEPT_ALL,false,626,false,false,true,true,1,DIRECT_ACCEPT,2026-09-27 08:57:24.979193+00
184,dc2ffc80-93fb-4843-b406-a4cc3f5c89e6,5,city_guide,EASY,ACCEPT_ALL,false,559,false,false,true,true,1,DIRECT_ACCEPT,2026-09-27 08:57:26.910374+00
185,dc2ffc80-93fb-4843-b406-a4cc3f5c89e6,6,daily_view,EASY,ACCEPT_ALL,false,554,false,false,true,true,1,DIRECT_ACCEPT,2026-09-27 08:57:28.563544+00
186,dc2ffc80-93fb-4843-b406-a4cc3f5c89e6,7,open_magazine,EASY,ACCEPT_ALL,false,477,false,false,true,true,1,DIRECT_ACCEPT,2026-09-27 08:57:30.418179+00
187,dc2ffc80-93fb-4843-b406-a4cc3f5c89e6,8,science_lab,EASY,ACCEPT_ALL,false,566,false,false,true,true,1,DIRECT_ACCEPT,2026-09-27 08:57:32.089738+00
188,ed0fe3b5-4de6-4a10-94ea-5d658ce35c81,5,tech_daily,HARD,ACCEPT_ALL,false,840,false,false,true,true,1,DIRECT_ACCEPT,2026-09-27 08:57:32.573408+00
189,dc2ffc80-93fb-4843-b406-a4cc3f5c89e6,9,taste_table,EASY,ACCEPT_ALL,false,445,false,false,true,true,1,DIRECT_ACCEPT,2026-09-27 08:57:33.910669+00
190,dc2ffc80-93fb-4843-b406-a4cc3f5c89e6,10,sports_now,EASY,ACCEPT_ALL,false,452,false,false,true,true,1,DIRECT_ACCEPT,2026-09-27 08:57:35.547262+00
191,dc2ffc80-93fb-4843-b406-a4cc3f5c89e6,11,tech_daily,EASY,ACCEPT_ALL,false,390,false,false,true,true,1,DIRECT_ACCEPT,2026-09-27 08:57:37.089169+00
192,dc2ffc80-93fb-4843-b406-a4cc3f5c89e6,12,travel_note,EASY,ACCEPT_ALL,false,399,false,false,true,true,1,DIRECT_ACCEPT,2026-09-27 08:57:38.528119+00
193,ed0fe3b5-4de6-4a10-94ea-5d658ce35c81,6,city_guide,HARD,ACCEPT_ALL,false,628,false,false,true,true,1,DIRECT_ACCEPT,2026-09-27 08:58:19.679299+00
194,91a9f63e-1442-4b6f-803a-839fa8ba7666,1,city_review,EASY,ACCEPT_ALL,false,2427,false,false,true,true,1,DIRECT_ACCEPT,2026-09-27 08:59:04.659234+00
195,91a9f63e-1442-4b6f-803a-839fa8ba7666,2,city_guide,EASY,ACCEPT_ALL,false,766,false,false,true,true,1,DIRECT_ACCEPT,2026-09-27 08:59:10.720313+00
196,91a9f63e-1442-4b6f-803a-839fa8ba7666,3,taste_table,EASY,ACCEPT_ALL,false,780,false,false,true,true,1,DIRECT_ACCEPT,2026-09-27 08:59:24.478721+00
197,91a9f63e-1442-4b6f-803a-839fa8ba7666,4,insight_post,EASY,ACCEPT_ALL,false,683,false,false,true,true,1,DIRECT_ACCEPT,2026-09-27 08:59:28.377642+00
198,91a9f63e-1442-4b6f-803a-839fa8ba7666,5,daily_view,EASY,ACCEPT_ALL,false,541,false,false,true,true,1,DIRECT_ACCEPT,2026-09-27 08:59:31.630386+00
199,91a9f63e-1442-4b6f-803a-839fa8ba7666,6,open_magazine,EASY,ACCEPT_ALL,false,391,false,false,true,true,1,DIRECT_ACCEPT,2026-09-27 08:59:33.819441+00
200,91a9f63e-1442-4b6f-803a-839fa8ba7666,7,science_lab,EASY,ACCEPT_ALL,false,601,false,false,true,true,1,DIRECT_ACCEPT,2026-09-27 08:59:36.134699+00
201,91a9f63e-1442-4b6f-803a-839fa8ba7666,8,culture_page,EASY,ACCEPT_ALL,false,3028,false,false,true,true,1,DIRECT_ACCEPT,2026-09-27 08:59:43.217175+00
202,91a9f63e-1442-4b6f-803a-839fa8ba7666,9,morning_journal,EASY,ACCEPT_ALL,false,543,false,false,true,true,1,DIRECT_ACCEPT,2026-09-27 08:59:51.48187+00
203,91a9f63e-1442-4b6f-803a-839fa8ba7666,10,sports_now,EASY,ACCEPT_ALL,false,558,false,false,true,true,1,DIRECT_ACCEPT,2026-09-27 08:59:55.079325+00
204,91a9f63e-1442-4b6f-803a-839fa8ba7666,11,tech_daily,EASY,ACCEPT_ALL,false,466,false,false,true,true,1,DIRECT_ACCEPT,2026-09-27 08:59:58.781505+00
205,91a9f63e-1442-4b6f-803a-839fa8ba7666,12,travel_note,EASY,ACCEPT_ALL,false,437,false,false,true,true,1,DIRECT_ACCEPT,2026-09-27 09:00:02.391344+00
206,de3eb19f-8acd-4f2f-af13-43a99b4f3487,1,daily_view,HARD,REJECT_ALL,true,10664,true,true,false,false,4,SETTINGS_SAVE,2026-09-27 10:13:00.461653+00
207,a6e33a8c-bce1-4627-8229-f301c7109a60,1,taste_table,EASY,CUSTOM,false,11226,true,true,true,false,3,SETTINGS_SAVE,2026-09-27 10:33:37.588376+00
208,a6e33a8c-bce1-4627-8229-f301c7109a60,2,tech_daily,EASY,CUSTOM,false,8435,true,true,true,false,3,SETTINGS_SAVE,2026-09-27 10:33:59.389943+00
209,a6e33a8c-bce1-4627-8229-f301c7109a60,3,culture_page,EASY,REJECT_ALL,true,2100,false,false,false,false,1,DIRECT_REJECT,2026-09-27 10:34:04.380216+00
210,a6e33a8c-bce1-4627-8229-f301c7109a60,4,city_review,EASY,CUSTOM,false,8937,true,true,true,false,3,SETTINGS_SAVE,2026-09-27 10:34:14.976829+00
211,a6e33a8c-bce1-4627-8229-f301c7109a60,5,sports_now,EASY,REJECT_ALL,true,10301,false,false,false,false,1,DIRECT_REJECT,2026-09-27 10:34:27.151167+00
212,a6e33a8c-bce1-4627-8229-f301c7109a60,6,morning_journal,EASY,REJECT_ALL,true,2786,false,false,false,false,1,DIRECT_REJECT,2026-09-27 10:34:31.54305+00
213,a6e33a8c-bce1-4627-8229-f301c7109a60,7,travel_note,EASY,REJECT_ALL,true,3574,false,false,false,false,1,DIRECT_REJECT,2026-09-27 10:34:36.50372+00
214,a6e33a8c-bce1-4627-8229-f301c7109a60,8,daily_view,EASY,REJECT_ALL,true,2026,false,false,false,false,1,DIRECT_REJECT,2026-09-27 10:34:39.877139+00
215,a6e33a8c-bce1-4627-8229-f301c7109a60,9,city_guide,EASY,REJECT_ALL,true,2032,false,false,false,false,1,DIRECT_REJECT,2026-09-27 10:34:43.424725+00
216,a6e33a8c-bce1-4627-8229-f301c7109a60,10,open_magazine,EASY,REJECT_ALL,true,1333,false,false,false,false,1,DIRECT_REJECT,2026-09-27 10:34:45.995512+00
217,a6e33a8c-bce1-4627-8229-f301c7109a60,11,insight_post,EASY,ACCEPT_ALL,false,2452,false,false,true,true,1,DIRECT_ACCEPT,2026-09-27 10:34:49.958263+00
218,a6e33a8c-bce1-4627-8229-f301c7109a60,12,science_lab,EASY,REJECT_ALL,true,1960,false,false,false,false,1,DIRECT_REJECT,2026-09-27 10:34:54.451559+00
219,96b3026e-d5a0-458c-bd71-2ac1aadfaab4,1,travel_note,HARD,CUSTOM,false,8158,true,true,true,false,3,SETTINGS_SAVE,2026-09-27 10:54:44.648779+00
220,96b3026e-d5a0-458c-bd71-2ac1aadfaab4,2,culture_page,HARD,CUSTOM,false,3997,true,true,true,false,3,SETTINGS_SAVE,2026-09-27 10:55:14.192848+00
221,96b3026e-d5a0-458c-bd71-2ac1aadfaab4,3,sports_now,HARD,CUSTOM,false,5961,true,true,true,false,3,SETTINGS_SAVE,2026-09-27 10:55:54.463208+00
222,96b3026e-d5a0-458c-bd71-2ac1aadfaab4,4,daily_view,HARD,CUSTOM,false,1714,true,true,true,false,3,SETTINGS_SAVE,2026-09-27 10:56:01.495863+00
223,96b3026e-d5a0-458c-bd71-2ac1aadfaab4,5,science_lab,HARD,CUSTOM,false,2619,true,true,true,false,3,SETTINGS_SAVE,2026-09-27 10:56:07.471574+00
224,96b3026e-d5a0-458c-bd71-2ac1aadfaab4,6,taste_table,HARD,CUSTOM,false,2548,true,true,true,false,3,SETTINGS_SAVE,2026-09-27 10:56:53.921965+00
225,96b3026e-d5a0-458c-bd71-2ac1aadfaab4,7,open_magazine,HARD,CUSTOM,false,2383,true,true,true,false,3,SETTINGS_SAVE,2026-09-27 10:56:58.343825+00
226,96b3026e-d5a0-458c-bd71-2ac1aadfaab4,8,city_review,HARD,CUSTOM,false,2430,true,true,true,false,5,SETTINGS_SAVE,2026-09-27 10:57:02.659482+00
227,96b3026e-d5a0-458c-bd71-2ac1aadfaab4,9,morning_journal,HARD,CUSTOM,false,1448,true,true,true,false,3,SETTINGS_SAVE,2026-09-27 10:57:05.262761+00
228,96b3026e-d5a0-458c-bd71-2ac1aadfaab4,10,city_guide,HARD,CUSTOM,false,1366,true,true,true,false,3,SETTINGS_SAVE,2026-09-27 10:57:07.9514+00
229,96b3026e-d5a0-458c-bd71-2ac1aadfaab4,11,insight_post,HARD,CUSTOM,false,1389,true,true,true,false,3,SETTINGS_SAVE,2026-09-27 10:57:10.394441+00
230,96b3026e-d5a0-458c-bd71-2ac1aadfaab4,12,tech_daily,HARD,CUSTOM,false,1770,true,true,true,false,3,SETTINGS_SAVE,2026-09-27 10:57:26.561184+00
231,9ab25e28-c9c4-4b73-98cf-98b3e94961ef,1,city_review,EASY,CUSTOM,false,9356,true,true,true,false,3,SETTINGS_SAVE,2026-09-27 11:49:50.231265+00
232,9ab25e28-c9c4-4b73-98cf-98b3e94961ef,2,open_magazine,EASY,CUSTOM,false,25686,true,true,true,false,3,SETTINGS_SAVE,2026-09-27 11:50:30.348351+00
233,9ab25e28-c9c4-4b73-98cf-98b3e94961ef,3,taste_table,EASY,REJECT_ALL,true,30152,true,true,false,false,6,SETTINGS_REJECT,2026-09-27 11:51:04.630993+00
234,9ab25e28-c9c4-4b73-98cf-98b3e94961ef,4,city_guide,EASY,REJECT_ALL,true,1686,true,false,false,false,2,SETTINGS_REJECT,2026-09-27 11:51:08.15907+00
235,9ab25e28-c9c4-4b73-98cf-98b3e94961ef,5,sports_now,EASY,CUSTOM,false,4531,true,true,true,false,5,SETTINGS_SAVE,2026-09-27 11:51:14.582772+00
236,9ab25e28-c9c4-4b73-98cf-98b3e94961ef,6,culture_page,EASY,REJECT_ALL,true,1997,false,false,false,false,1,DIRECT_REJECT,2026-09-27 11:51:19.174584+00
237,9ab25e28-c9c4-4b73-98cf-98b3e94961ef,7,travel_note,EASY,REJECT_ALL,true,985,false,false,false,false,1,DIRECT_REJECT,2026-09-27 11:51:22.979563+00
238,9ab25e28-c9c4-4b73-98cf-98b3e94961ef,8,insight_post,EASY,REJECT_ALL,true,582,false,false,false,false,1,DIRECT_REJECT,2026-09-27 11:51:25.220338+00
239,9ab25e28-c9c4-4b73-98cf-98b3e94961ef,9,daily_view,EASY,REJECT_ALL,true,1821,false,false,false,false,1,DIRECT_REJECT,2026-09-27 11:51:31.271426+00
240,9ab25e28-c9c4-4b73-98cf-98b3e94961ef,10,science_lab,EASY,ACCEPT_ALL,false,561,false,false,true,true,1,DIRECT_ACCEPT,2026-09-27 11:51:33.801309+00
241,9ab25e28-c9c4-4b73-98cf-98b3e94961ef,11,morning_journal,EASY,ACCEPT_ALL,false,587,false,false,true,true,1,DIRECT_ACCEPT,2026-09-27 11:51:35.846331+00
242,9ab25e28-c9c4-4b73-98cf-98b3e94961ef,12,tech_daily,EASY,REJECT_ALL,true,581,false,false,false,false,1,DIRECT_REJECT,2026-09-27 11:51:37.996621+00
243,1f2d7e8b-c228-49b2-815c-c9a1fe24b2c8,1,culture_page,HARD,REJECT_ALL,true,178118,true,true,false,false,4,SETTINGS_SAVE,2026-09-27 12:45:09.084119+00
244,1f2d7e8b-c228-49b2-815c-c9a1fe24b2c8,2,science_lab,HARD,REJECT_ALL,true,6348,true,true,false,false,4,SETTINGS_SAVE,2026-09-27 12:45:21.720155+00
245,1f2d7e8b-c228-49b2-815c-c9a1fe24b2c8,3,insight_post,HARD,REJECT_ALL,true,4733,true,true,false,false,4,SETTINGS_SAVE,2026-09-27 12:45:29.305935+00
246,5a4a0905-95eb-4d81-9564-14f5a59f8111,1,culture_page,HARD,ACCEPT_ALL,false,5334,false,false,true,true,1,DIRECT_ACCEPT,2026-09-27 12:45:29.84097+00
247,1f2d7e8b-c228-49b2-815c-c9a1fe24b2c8,4,sports_now,HARD,REJECT_ALL,true,3123,true,true,false,false,4,SETTINGS_SAVE,2026-09-27 12:45:36.58531+00
248,5a4a0905-95eb-4d81-9564-14f5a59f8111,2,insight_post,HARD,ACCEPT_ALL,false,4399,false,false,true,true,1,DIRECT_ACCEPT,2026-09-27 12:45:40.448444+00
249,1f2d7e8b-c228-49b2-815c-c9a1fe24b2c8,5,city_guide,HARD,REJECT_ALL,true,3046,true,true,false,false,4,SETTINGS_SAVE,2026-09-27 12:45:43.320298+00
250,5a4a0905-95eb-4d81-9564-14f5a59f8111,3,taste_table,HARD,ACCEPT_ALL,false,878,false,false,true,true,1,DIRECT_ACCEPT,2026-09-27 12:45:43.829672+00
251,5a4a0905-95eb-4d81-9564-14f5a59f8111,4,tech_daily,HARD,ACCEPT_ALL,false,600,false,false,true,true,1,DIRECT_ACCEPT,2026-09-27 12:45:45.835922+00
252,5a4a0905-95eb-4d81-9564-14f5a59f8111,5,city_guide,HARD,ACCEPT_ALL,false,510,false,false,true,true,1,DIRECT_ACCEPT,2026-09-27 12:45:47.807541+00
253,1f2d7e8b-c228-49b2-815c-c9a1fe24b2c8,6,travel_note,HARD,REJECT_ALL,true,2248,true,true,false,false,4,SETTINGS_SAVE,2026-09-27 12:45:48.596381+00
254,5a4a0905-95eb-4d81-9564-14f5a59f8111,6,daily_view,HARD,ACCEPT_ALL,false,400,false,false,true,true,1,DIRECT_ACCEPT,2026-09-27 12:45:49.868329+00
255,5a4a0905-95eb-4d81-9564-14f5a59f8111,7,open_magazine,HARD,ACCEPT_ALL,false,510,false,false,true,true,1,DIRECT_ACCEPT,2026-09-27 12:45:51.744564+00
256,1f2d7e8b-c228-49b2-815c-c9a1fe24b2c8,7,city_review,HARD,REJECT_ALL,true,2281,true,true,false,false,4,SETTINGS_SAVE,2026-09-27 12:45:52.997775+00
257,5a4a0905-95eb-4d81-9564-14f5a59f8111,8,science_lab,HARD,ACCEPT_ALL,false,438,false,false,true,true,1,DIRECT_ACCEPT,2026-09-27 12:45:53.352217+00
258,5a4a0905-95eb-4d81-9564-14f5a59f8111,9,sports_now,HARD,ACCEPT_ALL,false,389,false,false,true,true,1,DIRECT_ACCEPT,2026-09-27 12:45:54.927493+00
259,5a4a0905-95eb-4d81-9564-14f5a59f8111,10,travel_note,HARD,ACCEPT_ALL,false,559,false,false,true,true,1,DIRECT_ACCEPT,2026-09-27 12:45:56.574851+00
260,1f2d7e8b-c228-49b2-815c-c9a1fe24b2c8,8,tech_daily,HARD,REJECT_ALL,true,2040,true,true,false,false,4,SETTINGS_SAVE,2026-09-27 12:45:57.272425+00
261,5a4a0905-95eb-4d81-9564-14f5a59f8111,11,city_review,HARD,ACCEPT_ALL,false,562,false,false,true,true,1,DIRECT_ACCEPT,2026-09-27 12:45:58.429755+00
262,5a4a0905-95eb-4d81-9564-14f5a59f8111,12,morning_journal,HARD,ACCEPT_ALL,false,382,false,false,true,true,1,DIRECT_ACCEPT,2026-09-27 12:46:00.213603+00
263,1f2d7e8b-c228-49b2-815c-c9a1fe24b2c8,9,taste_table,HARD,REJECT_ALL,true,1881,true,true,false,false,4,SETTINGS_SAVE,2026-09-27 12:46:00.639723+00
264,1f2d7e8b-c228-49b2-815c-c9a1fe24b2c8,10,daily_view,HARD,REJECT_ALL,true,1903,true,true,false,false,4,SETTINGS_SAVE,2026-09-27 12:46:04.036906+00
265,1f2d7e8b-c228-49b2-815c-c9a1fe24b2c8,11,open_magazine,HARD,REJECT_ALL,true,2438,true,true,false,false,4,SETTINGS_SAVE,2026-09-27 12:46:08.719213+00
266,1f2d7e8b-c228-49b2-815c-c9a1fe24b2c8,12,morning_journal,HARD,REJECT_ALL,true,2027,true,true,false,false,4,SETTINGS_SAVE,2026-09-27 12:46:12.402151+00
267,e87f3e67-1982-4ba9-b689-92e962f93e96,1,city_review,HARD,REJECT_ALL,true,3241,true,false,false,false,2,SETTINGS_REJECT,2026-09-27 18:27:37.3744+00
268,e87f3e67-1982-4ba9-b689-92e962f93e96,2,sports_now,HARD,REJECT_ALL,true,2039,true,false,false,false,2,SETTINGS_REJECT,2026-09-27 18:27:41.669167+00
269,e87f3e67-1982-4ba9-b689-92e962f93e96,3,daily_view,HARD,REJECT_ALL,true,1447,true,false,false,false,2,SETTINGS_REJECT,2026-09-27 18:27:45.275704+00
270,e87f3e67-1982-4ba9-b689-92e962f93e96,4,tech_daily,HARD,REJECT_ALL,true,1151,true,false,false,false,2,SETTINGS_REJECT,2026-09-27 18:27:47.83179+00
271,e87f3e67-1982-4ba9-b689-92e962f93e96,5,taste_table,HARD,REJECT_ALL,true,1249,true,false,false,false,2,SETTINGS_REJECT,2026-09-27 18:27:50.882317+00
272,e87f3e67-1982-4ba9-b689-92e962f93e96,6,insight_post,HARD,REJECT_ALL,true,1040,true,false,false,false,2,SETTINGS_REJECT,2026-09-27 18:27:53.611423+00
273,e87f3e67-1982-4ba9-b689-92e962f93e96,7,open_magazine,HARD,REJECT_ALL,true,1448,true,false,false,false,2,SETTINGS_REJECT,2026-09-27 18:27:56.65589+00
274,e87f3e67-1982-4ba9-b689-92e962f93e96,8,travel_note,HARD,ACCEPT_ALL,false,863,false,false,true,true,1,DIRECT_ACCEPT,2026-09-27 18:27:59.213322+00
275,e87f3e67-1982-4ba9-b689-92e962f93e96,9,science_lab,HARD,ACCEPT_ALL,false,512,false,false,true,true,1,DIRECT_ACCEPT,2026-09-27 18:28:02.191751+00
276,e87f3e67-1982-4ba9-b689-92e962f93e96,10,city_guide,HARD,ACCEPT_ALL,false,727,false,false,true,true,1,DIRECT_ACCEPT,2026-09-27 18:28:04.564464+00
277,e87f3e67-1982-4ba9-b689-92e962f93e96,11,culture_page,HARD,ACCEPT_ALL,false,543,false,false,true,true,1,DIRECT_ACCEPT,2026-09-27 18:28:06.854508+00
278,e87f3e67-1982-4ba9-b689-92e962f93e96,12,morning_journal,HARD,ACCEPT_ALL,false,544,false,false,true,true,1,DIRECT_ACCEPT,2026-09-27 18:28:08.623888+00
279,fa2c4dff-93a2-403a-b3b2-09fde8edb8a3,1,tech_daily,EASY,REJECT_ALL,true,1343,false,false,false,false,1,DIRECT_REJECT,2026-09-27 18:38:17.772838+00
280,fa2c4dff-93a2-403a-b3b2-09fde8edb8a3,2,morning_journal,EASY,REJECT_ALL,true,775,false,false,false,false,1,DIRECT_REJECT,2026-09-27 18:38:20.730118+00
281,fa2c4dff-93a2-403a-b3b2-09fde8edb8a3,3,sports_now,EASY,REJECT_ALL,true,919,false,false,false,false,1,DIRECT_REJECT,2026-09-27 18:38:23.228373+00
282,fa2c4dff-93a2-403a-b3b2-09fde8edb8a3,4,city_guide,EASY,REJECT_ALL,true,607,false,false,false,false,1,DIRECT_REJECT,2026-09-27 18:38:25.401089+00
283,fa2c4dff-93a2-403a-b3b2-09fde8edb8a3,5,insight_post,EASY,REJECT_ALL,true,1016,false,false,false,false,1,DIRECT_REJECT,2026-09-27 18:38:27.985643+00
284,fa2c4dff-93a2-403a-b3b2-09fde8edb8a3,6,open_magazine,EASY,REJECT_ALL,true,447,false,false,false,false,1,DIRECT_REJECT,2026-09-27 18:38:29.735056+00
285,fa2c4dff-93a2-403a-b3b2-09fde8edb8a3,7,daily_view,EASY,REJECT_ALL,true,455,false,false,false,false,1,DIRECT_REJECT,2026-09-27 18:38:31.430815+00
286,fa2c4dff-93a2-403a-b3b2-09fde8edb8a3,8,travel_note,EASY,REJECT_ALL,true,447,false,false,false,false,1,DIRECT_REJECT,2026-09-27 18:38:33.201869+00
287,fa2c4dff-93a2-403a-b3b2-09fde8edb8a3,9,culture_page,EASY,REJECT_ALL,true,672,false,false,false,false,1,DIRECT_REJECT,2026-09-27 18:38:35.423671+00
288,fa2c4dff-93a2-403a-b3b2-09fde8edb8a3,10,taste_table,EASY,REJECT_ALL,true,560,false,false,false,false,1,DIRECT_REJECT,2026-09-27 18:38:37.298658+00
289,fa2c4dff-93a2-403a-b3b2-09fde8edb8a3,11,science_lab,EASY,REJECT_ALL,true,511,false,false,false,false,1,DIRECT_REJECT,2026-09-27 18:38:39.124509+00
290,fa2c4dff-93a2-403a-b3b2-09fde8edb8a3,12,city_review,EASY,REJECT_ALL,true,440,false,false,false,false,1,DIRECT_REJECT,2026-09-27 18:38:40.927505+00
291,5ea193ad-b04b-4921-b5b9-25bcaccb12a0,1,city_review,EASY,REJECT_ALL,true,6279,false,false,false,false,1,DIRECT_REJECT,2026-09-28 01:07:41.303155+00
292,5ea193ad-b04b-4921-b5b9-25bcaccb12a0,2,taste_table,EASY,REJECT_ALL,true,2518,false,false,false,false,1,DIRECT_REJECT,2026-09-28 01:07:51.136944+00
293,5ea193ad-b04b-4921-b5b9-25bcaccb12a0,3,culture_page,EASY,REJECT_ALL,true,1660,false,false,false,false,1,DIRECT_REJECT,2026-09-28 01:08:00.507005+00
294,5ea193ad-b04b-4921-b5b9-25bcaccb12a0,4,sports_now,EASY,REJECT_ALL,true,1336,false,false,false,false,1,DIRECT_REJECT,2026-09-28 01:08:03.681201+00
295,5ea193ad-b04b-4921-b5b9-25bcaccb12a0,5,tech_daily,EASY,REJECT_ALL,true,1138,false,false,false,false,1,DIRECT_REJECT,2026-09-28 01:08:06.652198+00
296,5ea193ad-b04b-4921-b5b9-25bcaccb12a0,6,travel_note,EASY,REJECT_ALL,true,615,false,false,false,false,1,DIRECT_REJECT,2026-09-28 01:08:09.193151+00
297,5ea193ad-b04b-4921-b5b9-25bcaccb12a0,7,open_magazine,EASY,REJECT_ALL,true,498,false,false,false,false,1,DIRECT_REJECT,2026-09-28 01:08:11.221195+00
298,5ea193ad-b04b-4921-b5b9-25bcaccb12a0,8,science_lab,EASY,REJECT_ALL,true,665,false,false,false,false,1,DIRECT_REJECT,2026-09-28 01:08:13.565819+00
299,5ea193ad-b04b-4921-b5b9-25bcaccb12a0,9,city_guide,EASY,REJECT_ALL,true,493,false,false,false,false,1,DIRECT_REJECT,2026-09-28 01:08:15.654886+00
300,5ea193ad-b04b-4921-b5b9-25bcaccb12a0,10,insight_post,EASY,REJECT_ALL,true,502,false,false,false,false,1,DIRECT_REJECT,2026-09-28 01:08:17.349061+00
301,5ea193ad-b04b-4921-b5b9-25bcaccb12a0,11,morning_journal,EASY,REJECT_ALL,true,732,false,false,false,false,1,DIRECT_REJECT,2026-09-28 01:08:19.2724+00
302,5ea193ad-b04b-4921-b5b9-25bcaccb12a0,12,daily_view,EASY,REJECT_ALL,true,521,false,false,false,false,1,DIRECT_REJECT,2026-09-28 01:08:21.022052+00
303,1c57a3d4-d89f-474b-93f3-cbe8b57d6b03,1,daily_view,HARD,REJECT_ALL,true,3058,true,false,false,false,2,SETTINGS_REJECT,2026-09-28 03:50:57.181446+00
304,1c57a3d4-d89f-474b-93f3-cbe8b57d6b03,2,insight_post,HARD,REJECT_ALL,true,1535,true,false,false,false,2,SETTINGS_REJECT,2026-09-28 03:51:00.588773+00
305,1c57a3d4-d89f-474b-93f3-cbe8b57d6b03,3,tech_daily,HARD,REJECT_ALL,true,1455,true,false,false,false,2,SETTINGS_REJECT,2026-09-28 03:51:03.713033+00
306,1c57a3d4-d89f-474b-93f3-cbe8b57d6b03,4,morning_journal,HARD,REJECT_ALL,true,2127,true,false,false,false,2,SETTINGS_REJECT,2026-09-28 03:51:07.571028+00
307,1c57a3d4-d89f-474b-93f3-cbe8b57d6b03,5,sports_now,HARD,REJECT_ALL,true,1521,true,false,false,false,2,SETTINGS_REJECT,2026-09-28 03:51:10.756493+00
308,1c57a3d4-d89f-474b-93f3-cbe8b57d6b03,6,culture_page,HARD,REJECT_ALL,true,1080,true,false,false,false,2,SETTINGS_REJECT,2026-09-28 03:51:13.34783+00
309,1c57a3d4-d89f-474b-93f3-cbe8b57d6b03,7,open_magazine,HARD,REJECT_ALL,true,1224,true,false,false,false,2,SETTINGS_REJECT,2026-09-28 03:51:15.990162+00
310,1c57a3d4-d89f-474b-93f3-cbe8b57d6b03,8,taste_table,HARD,REJECT_ALL,true,1112,true,false,false,false,2,SETTINGS_REJECT,2026-09-28 03:51:18.584007+00
311,1c57a3d4-d89f-474b-93f3-cbe8b57d6b03,9,city_review,HARD,REJECT_ALL,true,1007,true,false,false,false,2,SETTINGS_REJECT,2026-09-28 03:51:20.908025+00
312,1c57a3d4-d89f-474b-93f3-cbe8b57d6b03,10,city_guide,HARD,REJECT_ALL,true,1256,true,false,false,false,2,SETTINGS_REJECT,2026-09-28 03:51:23.582954+00
313,1c57a3d4-d89f-474b-93f3-cbe8b57d6b03,11,travel_note,HARD,ACCEPT_ALL,false,551,false,false,true,true,1,DIRECT_ACCEPT,2026-09-28 03:51:25.624016+00
314,1c57a3d4-d89f-474b-93f3-cbe8b57d6b03,12,science_lab,HARD,ACCEPT_ALL,false,432,false,false,true,true,1,DIRECT_ACCEPT,2026-09-28 03:51:27.547628+00
315,956d92a4-7da4-40b6-9cd9-da3cbb2dcf46,1,insight_post,HARD,REJECT_ALL,true,4979,true,false,false,false,2,SETTINGS_REJECT,2026-09-28 04:16:35.842321+00
316,956d92a4-7da4-40b6-9cd9-da3cbb2dcf46,2,taste_table,HARD,ACCEPT_ALL,false,695,false,false,true,true,1,DIRECT_ACCEPT,2026-09-28 04:16:38.610096+00
317,956d92a4-7da4-40b6-9cd9-da3cbb2dcf46,3,city_guide,HARD,ACCEPT_ALL,false,458,false,false,true,true,1,DIRECT_ACCEPT,2026-09-28 04:16:40.833313+00
318,956d92a4-7da4-40b6-9cd9-da3cbb2dcf46,4,open_magazine,HARD,ACCEPT_ALL,false,420,false,false,true,true,1,DIRECT_ACCEPT,2026-09-28 04:16:42.881734+00
319,956d92a4-7da4-40b6-9cd9-da3cbb2dcf46,5,sports_now,HARD,ACCEPT_ALL,false,399,false,false,true,true,1,DIRECT_ACCEPT,2026-09-28 04:16:44.563342+00
320,956d92a4-7da4-40b6-9cd9-da3cbb2dcf46,6,tech_daily,HARD,ACCEPT_ALL,false,449,false,false,true,true,1,DIRECT_ACCEPT,2026-09-28 04:16:46.440441+00
321,956d92a4-7da4-40b6-9cd9-da3cbb2dcf46,7,culture_page,HARD,ACCEPT_ALL,false,1866,false,false,true,true,1,DIRECT_ACCEPT,2026-09-28 04:16:49.94091+00
322,956d92a4-7da4-40b6-9cd9-da3cbb2dcf46,8,daily_view,HARD,ACCEPT_ALL,false,600,false,false,true,true,1,DIRECT_ACCEPT,2026-09-28 04:16:52.014774+00
323,956d92a4-7da4-40b6-9cd9-da3cbb2dcf46,9,city_review,HARD,ACCEPT_ALL,false,506,false,false,true,true,1,DIRECT_ACCEPT,2026-09-28 04:16:54.398969+00
324,956d92a4-7da4-40b6-9cd9-da3cbb2dcf46,10,travel_note,HARD,ACCEPT_ALL,false,434,false,false,true,true,1,DIRECT_ACCEPT,2026-09-28 04:16:56.581231+00
325,956d92a4-7da4-40b6-9cd9-da3cbb2dcf46,11,science_lab,HARD,ACCEPT_ALL,false,400,false,false,true,true,1,DIRECT_ACCEPT,2026-09-28 04:16:58.548715+00
326,956d92a4-7da4-40b6-9cd9-da3cbb2dcf46,12,morning_journal,HARD,ACCEPT_ALL,false,399,false,false,true,true,1,DIRECT_ACCEPT,2026-09-28 04:17:00.373253+00
327,b0b14ef6-495b-4a7e-81b2-1fce923634bb,1,taste_table,HARD,REJECT_ALL,true,2348,true,false,false,false,2,SETTINGS_REJECT,2026-09-28 04:45:24.580338+00
328,b0b14ef6-495b-4a7e-81b2-1fce923634bb,2,city_review,HARD,REJECT_ALL,true,972,true,false,false,false,2,SETTINGS_REJECT,2026-09-28 04:45:27.246753+00
329,b0b14ef6-495b-4a7e-81b2-1fce923634bb,3,science_lab,HARD,REJECT_ALL,true,942,true,false,false,false,2,SETTINGS_REJECT,2026-09-28 04:45:29.752717+00
330,b0b14ef6-495b-4a7e-81b2-1fce923634bb,4,insight_post,HARD,REJECT_ALL,true,970,true,false,false,false,2,SETTINGS_REJECT,2026-09-28 04:45:32.339985+00
331,b0b14ef6-495b-4a7e-81b2-1fce923634bb,5,daily_view,HARD,REJECT_ALL,true,907,true,false,false,false,2,SETTINGS_REJECT,2026-09-28 04:45:34.455411+00
332,b0b14ef6-495b-4a7e-81b2-1fce923634bb,6,city_guide,HARD,REJECT_ALL,true,773,true,false,false,false,2,SETTINGS_REJECT,2026-09-28 04:45:36.691365+00
333,b0b14ef6-495b-4a7e-81b2-1fce923634bb,7,open_magazine,HARD,REJECT_ALL,true,732,true,false,false,false,2,SETTINGS_REJECT,2026-09-28 04:45:38.695929+00
334,b0b14ef6-495b-4a7e-81b2-1fce923634bb,8,travel_note,HARD,REJECT_ALL,true,682,true,false,false,false,2,SETTINGS_REJECT,2026-09-28 04:45:40.533285+00
335,b0b14ef6-495b-4a7e-81b2-1fce923634bb,9,culture_page,HARD,ACCEPT_ALL,false,1408,false,false,true,true,1,DIRECT_ACCEPT,2026-09-28 04:45:43.22751+00
336,b0b14ef6-495b-4a7e-81b2-1fce923634bb,10,tech_daily,HARD,ACCEPT_ALL,false,436,false,false,true,true,1,DIRECT_ACCEPT,2026-09-28 04:45:45.10075+00
337,b0b14ef6-495b-4a7e-81b2-1fce923634bb,11,morning_journal,HARD,ACCEPT_ALL,false,374,false,false,true,true,1,DIRECT_ACCEPT,2026-09-28 04:45:46.869511+00
338,b0b14ef6-495b-4a7e-81b2-1fce923634bb,12,sports_now,HARD,ACCEPT_ALL,false,357,false,false,true,true,1,DIRECT_ACCEPT,2026-09-28 04:45:48.534044+00
